<xml xmlns:s='uuid:BDC6E3F0-6DA3-11d1-A2A3-00AA00C14882' xmlns:dt='uuid:C2F41010-65B3-11d1-A29F-00AA00C14882' xmlns:rs='urn:schemas-microsoft-com:rowset' xmlns:z='#RowsetSchema'>
  <s:Schema id='RowsetSchema'>
    <s:ElementType name='row' content='eltOnly' rs:updatable='true'>
      <s:AttributeType name='NUMBER' rs:number='1' rs:nullable='true' rs:writeunknown='true'>
        <s:datatype dt:type='r4' dt:maxLength='4' rs:precision='0' />
      </s:AttributeType>
      <s:AttributeType name='STRING' rs:number='2' rs:nullable='true' rs:writeunknown='true'>
        <s:datatype dt:type='string' dt:maxLength='50' rs:dbtype='str' />
      </s:AttributeType>
      <s:AttributeType name='DATE' rs:number='3' rs:nullable='true' rs:writeunknown='true'>
        <s:datatype dt:type='datetime' rs:dbtype='variantdate' dt:maxLength='8' rs:scale='0' rs:precision='0' />
      </s:AttributeType>
      <s:AttributeType name='MEMO' rs:number='4' rs:nullable='true' rs:writeunknown='true'>
        <s:datatype dt:type='string' dt:maxLength='2147483647' rs:dbtype='str' rs:long='true' />
      </s:AttributeType>
      <s:extends type='rs:rowbase' />
    </s:ElementType>
  </s:Schema>
  <rs:data>
    <z:row NUMBER='1' STRING='Use Devart Data Access Components !!! (1)' DATE='2006-09-11T00:00:00' MEMO='Memo value (1)' />
    <z:row NUMBER='2' STRING='Use Devart Data Access Components !!! (2)' DATE='2006-09-11T00:00:00' MEMO='Memo value (2)' />
    <z:row NUMBER='3' STRING='Use Devart Data Access Components !!! (3)' DATE='2006-09-11T00:00:00' MEMO='Memo value (3)' />
    <z:row NUMBER='4' STRING='Use Devart Data Access Components !!! (4)' DATE='2006-09-11T00:00:00' MEMO='Memo value (4)' />
    <z:row NUMBER='5' STRING='Use Devart Data Access Components !!! (5)' DATE='2006-09-11T00:00:00' MEMO='Memo value (5)' />
    <z:row NUMBER='6' STRING='Use Devart Data Access Components !!! (6)' DATE='2006-09-11T00:00:00' MEMO='Memo value (6)' />
    <z:row NUMBER='7' STRING='Use Devart Data Access Components !!! (7)' DATE='2006-09-11T00:00:00' MEMO='Memo value (7)' />
    <z:row NUMBER='8' STRING='Use Devart Data Access Components !!! (8)' DATE='2006-09-11T00:00:00' MEMO='Memo value (8)' />
    <z:row NUMBER='9' STRING='Use Devart Data Access Components !!! (9)' DATE='2006-09-11T00:00:00' MEMO='Memo value (9)' />
    <z:row NUMBER='10' STRING='Use Devart Data Access Components !!! (10)' DATE='2006-09-11T00:00:00' MEMO='Memo value (10)' />
    <z:row NUMBER='11' STRING='Use Devart Data Access Components !!! (11)' DATE='2006-09-11T00:00:00' MEMO='Memo value (11)' />
    <z:row NUMBER='12' STRING='Use Devart Data Access Components !!! (12)' DATE='2006-09-11T00:00:00' MEMO='Memo value (12)' />
    <z:row NUMBER='13' STRING='Use Devart Data Access Components !!! (13)' DATE='2006-09-11T00:00:00' MEMO='Memo value (13)' />
    <z:row NUMBER='14' STRING='Use Devart Data Access Components !!! (14)' DATE='2006-09-11T00:00:00' MEMO='Memo value (14)' />
    <z:row NUMBER='15' STRING='Use Devart Data Access Components !!! (15)' DATE='2006-09-11T00:00:00' MEMO='Memo value (15)' />
    <z:row NUMBER='16' STRING='Use Devart Data Access Components !!! (16)' DATE='2006-09-11T00:00:00' MEMO='Memo value (16)' />
    <z:row NUMBER='17' STRING='Use Devart Data Access Components !!! (17)' DATE='2006-09-11T00:00:00' MEMO='Memo value (17)' />
    <z:row NUMBER='18' STRING='Use Devart Data Access Components !!! (18)' DATE='2006-09-11T00:00:00' MEMO='Memo value (18)' />
    <z:row NUMBER='19' STRING='Use Devart Data Access Components !!! (19)' DATE='2006-09-11T00:00:00' MEMO='Memo value (19)' />
    <z:row NUMBER='20' STRING='Use Devart Data Access Components !!! (20)' DATE='2006-09-11T00:00:00' MEMO='Memo value (20)' />
    <z:row NUMBER='21' STRING='Use Devart Data Access Components !!! (21)' DATE='2006-09-11T00:00:00' MEMO='Memo value (21)' />
    <z:row NUMBER='22' STRING='Use Devart Data Access Components !!! (22)' DATE='2006-09-11T00:00:00' MEMO='Memo value (22)' />
    <z:row NUMBER='23' STRING='Use Devart Data Access Components !!! (23)' DATE='2006-09-11T00:00:00' MEMO='Memo value (23)' />
    <z:row NUMBER='24' STRING='Use Devart Data Access Components !!! (24)' DATE='2006-09-11T00:00:00' MEMO='Memo value (24)' />
    <z:row NUMBER='25' STRING='Use Devart Data Access Components !!! (25)' DATE='2006-09-11T00:00:00' MEMO='Memo value (25)' />
    <z:row NUMBER='26' STRING='Use Devart Data Access Components !!! (26)' DATE='2006-09-11T00:00:00' MEMO='Memo value (26)' />
    <z:row NUMBER='27' STRING='Use Devart Data Access Components !!! (27)' DATE='2006-09-11T00:00:00' MEMO='Memo value (27)' />
    <z:row NUMBER='28' STRING='Use Devart Data Access Components !!! (28)' DATE='2006-09-11T00:00:00' MEMO='Memo value (28)' />
    <z:row NUMBER='29' STRING='Use Devart Data Access Components !!! (29)' DATE='2006-09-11T00:00:00' MEMO='Memo value (29)' />
    <z:row NUMBER='30' STRING='Use Devart Data Access Components !!! (30)' DATE='2006-09-11T00:00:00' MEMO='Memo value (30)' />
    <z:row NUMBER='31' STRING='Use Devart Data Access Components !!! (31)' DATE='2006-09-11T00:00:00' MEMO='Memo value (31)' />
    <z:row NUMBER='32' STRING='Use Devart Data Access Components !!! (32)' DATE='2006-09-11T00:00:00' MEMO='Memo value (32)' />
    <z:row NUMBER='33' STRING='Use Devart Data Access Components !!! (33)' DATE='2006-09-11T00:00:00' MEMO='Memo value (33)' />
    <z:row NUMBER='34' STRING='Use Devart Data Access Components !!! (34)' DATE='2006-09-11T00:00:00' MEMO='Memo value (34)' />
    <z:row NUMBER='35' STRING='Use Devart Data Access Components !!! (35)' DATE='2006-09-11T00:00:00' MEMO='Memo value (35)' />
    <z:row NUMBER='36' STRING='Use Devart Data Access Components !!! (36)' DATE='2006-09-11T00:00:00' MEMO='Memo value (36)' />
    <z:row NUMBER='37' STRING='Use Devart Data Access Components !!! (37)' DATE='2006-09-11T00:00:00' MEMO='Memo value (37)' />
    <z:row NUMBER='38' STRING='Use Devart Data Access Components !!! (38)' DATE='2006-09-11T00:00:00' MEMO='Memo value (38)' />
    <z:row NUMBER='39' STRING='Use Devart Data Access Components !!! (39)' DATE='2006-09-11T00:00:00' MEMO='Memo value (39)' />
    <z:row NUMBER='40' STRING='Use Devart Data Access Components !!! (40)' DATE='2006-09-11T00:00:00' MEMO='Memo value (40)' />
    <z:row NUMBER='41' STRING='Use Devart Data Access Components !!! (41)' DATE='2006-09-11T00:00:00' MEMO='Memo value (41)' />
    <z:row NUMBER='42' STRING='Use Devart Data Access Components !!! (42)' DATE='2006-09-11T00:00:00' MEMO='Memo value (42)' />
    <z:row NUMBER='43' STRING='Use Devart Data Access Components !!! (43)' DATE='2006-09-11T00:00:00' MEMO='Memo value (43)' />
    <z:row NUMBER='44' STRING='Use Devart Data Access Components !!! (44)' DATE='2006-09-11T00:00:00' MEMO='Memo value (44)' />
    <z:row NUMBER='45' STRING='Use Devart Data Access Components !!! (45)' DATE='2006-09-11T00:00:00' MEMO='Memo value (45)' />
    <z:row NUMBER='46' STRING='Use Devart Data Access Components !!! (46)' DATE='2006-09-11T00:00:00' MEMO='Memo value (46)' />
    <z:row NUMBER='47' STRING='Use Devart Data Access Components !!! (47)' DATE='2006-09-11T00:00:00' MEMO='Memo value (47)' />
    <z:row NUMBER='48' STRING='Use Devart Data Access Components !!! (48)' DATE='2006-09-11T00:00:00' MEMO='Memo value (48)' />
    <z:row NUMBER='49' STRING='Use Devart Data Access Components !!! (49)' DATE='2006-09-11T00:00:00' MEMO='Memo value (49)' />
    <z:row NUMBER='50' STRING='Use Devart Data Access Components !!! (50)' DATE='2006-09-11T00:00:00' MEMO='Memo value (50)' />
    <z:row NUMBER='51' STRING='Use Devart Data Access Components !!! (51)' DATE='2006-09-11T00:00:00' MEMO='Memo value (51)' />
    <z:row NUMBER='52' STRING='Use Devart Data Access Components !!! (52)' DATE='2006-09-11T00:00:00' MEMO='Memo value (52)' />
    <z:row NUMBER='53' STRING='Use Devart Data Access Components !!! (53)' DATE='2006-09-11T00:00:00' MEMO='Memo value (53)' />
    <z:row NUMBER='54' STRING='Use Devart Data Access Components !!! (54)' DATE='2006-09-11T00:00:00' MEMO='Memo value (54)' />
    <z:row NUMBER='55' STRING='Use Devart Data Access Components !!! (55)' DATE='2006-09-11T00:00:00' MEMO='Memo value (55)' />
    <z:row NUMBER='56' STRING='Use Devart Data Access Components !!! (56)' DATE='2006-09-11T00:00:00' MEMO='Memo value (56)' />
    <z:row NUMBER='57' STRING='Use Devart Data Access Components !!! (57)' DATE='2006-09-11T00:00:00' MEMO='Memo value (57)' />
    <z:row NUMBER='58' STRING='Use Devart Data Access Components !!! (58)' DATE='2006-09-11T00:00:00' MEMO='Memo value (58)' />
    <z:row NUMBER='59' STRING='Use Devart Data Access Components !!! (59)' DATE='2006-09-11T00:00:00' MEMO='Memo value (59)' />
    <z:row NUMBER='60' STRING='Use Devart Data Access Components !!! (60)' DATE='2006-09-11T00:00:00' MEMO='Memo value (60)' />
    <z:row NUMBER='61' STRING='Use Devart Data Access Components !!! (61)' DATE='2006-09-11T00:00:00' MEMO='Memo value (61)' />
    <z:row NUMBER='62' STRING='Use Devart Data Access Components !!! (62)' DATE='2006-09-11T00:00:00' MEMO='Memo value (62)' />
    <z:row NUMBER='63' STRING='Use Devart Data Access Components !!! (63)' DATE='2006-09-11T00:00:00' MEMO='Memo value (63)' />
    <z:row NUMBER='64' STRING='Use Devart Data Access Components !!! (64)' DATE='2006-09-11T00:00:00' MEMO='Memo value (64)' />
    <z:row NUMBER='65' STRING='Use Devart Data Access Components !!! (65)' DATE='2006-09-11T00:00:00' MEMO='Memo value (65)' />
    <z:row NUMBER='66' STRING='Use Devart Data Access Components !!! (66)' DATE='2006-09-11T00:00:00' MEMO='Memo value (66)' />
    <z:row NUMBER='67' STRING='Use Devart Data Access Components !!! (67)' DATE='2006-09-11T00:00:00' MEMO='Memo value (67)' />
    <z:row NUMBER='68' STRING='Use Devart Data Access Components !!! (68)' DATE='2006-09-11T00:00:00' MEMO='Memo value (68)' />
    <z:row NUMBER='69' STRING='Use Devart Data Access Components !!! (69)' DATE='2006-09-11T00:00:00' MEMO='Memo value (69)' />
    <z:row NUMBER='70' STRING='Use Devart Data Access Components !!! (70)' DATE='2006-09-11T00:00:00' MEMO='Memo value (70)' />
    <z:row NUMBER='71' STRING='Use Devart Data Access Components !!! (71)' DATE='2006-09-11T00:00:00' MEMO='Memo value (71)' />
    <z:row NUMBER='72' STRING='Use Devart Data Access Components !!! (72)' DATE='2006-09-11T00:00:00' MEMO='Memo value (72)' />
    <z:row NUMBER='73' STRING='Use Devart Data Access Components !!! (73)' DATE='2006-09-11T00:00:00' MEMO='Memo value (73)' />
    <z:row NUMBER='74' STRING='Use Devart Data Access Components !!! (74)' DATE='2006-09-11T00:00:00' MEMO='Memo value (74)' />
    <z:row NUMBER='75' STRING='Use Devart Data Access Components !!! (75)' DATE='2006-09-11T00:00:00' MEMO='Memo value (75)' />
    <z:row NUMBER='76' STRING='Use Devart Data Access Components !!! (76)' DATE='2006-09-11T00:00:00' MEMO='Memo value (76)' />
    <z:row NUMBER='77' STRING='Use Devart Data Access Components !!! (77)' DATE='2006-09-11T00:00:00' MEMO='Memo value (77)' />
    <z:row NUMBER='78' STRING='Use Devart Data Access Components !!! (78)' DATE='2006-09-11T00:00:00' MEMO='Memo value (78)' />
    <z:row NUMBER='79' STRING='Use Devart Data Access Components !!! (79)' DATE='2006-09-11T00:00:00' MEMO='Memo value (79)' />
    <z:row NUMBER='80' STRING='Use Devart Data Access Components !!! (80)' DATE='2006-09-11T00:00:00' MEMO='Memo value (80)' />
    <z:row NUMBER='81' STRING='Use Devart Data Access Components !!! (81)' DATE='2006-09-11T00:00:00' MEMO='Memo value (81)' />
    <z:row NUMBER='82' STRING='Use Devart Data Access Components !!! (82)' DATE='2006-09-11T00:00:00' MEMO='Memo value (82)' />
    <z:row NUMBER='83' STRING='Use Devart Data Access Components !!! (83)' DATE='2006-09-11T00:00:00' MEMO='Memo value (83)' />
    <z:row NUMBER='84' STRING='Use Devart Data Access Components !!! (84)' DATE='2006-09-11T00:00:00' MEMO='Memo value (84)' />
    <z:row NUMBER='85' STRING='Use Devart Data Access Components !!! (85)' DATE='2006-09-11T00:00:00' MEMO='Memo value (85)' />
    <z:row NUMBER='86' STRING='Use Devart Data Access Components !!! (86)' DATE='2006-09-11T00:00:00' MEMO='Memo value (86)' />
    <z:row NUMBER='87' STRING='Use Devart Data Access Components !!! (87)' DATE='2006-09-11T00:00:00' MEMO='Memo value (87)' />
    <z:row NUMBER='88' STRING='Use Devart Data Access Components !!! (88)' DATE='2006-09-11T00:00:00' MEMO='Memo value (88)' />
    <z:row NUMBER='89' STRING='Use Devart Data Access Components !!! (89)' DATE='2006-09-11T00:00:00' MEMO='Memo value (89)' />
    <z:row NUMBER='90' STRING='Use Devart Data Access Components !!! (90)' DATE='2006-09-11T00:00:00' MEMO='Memo value (90)' />
    <z:row NUMBER='91' STRING='Use Devart Data Access Components !!! (91)' DATE='2006-09-11T00:00:00' MEMO='Memo value (91)' />
    <z:row NUMBER='92' STRING='Use Devart Data Access Components !!! (92)' DATE='2006-09-11T00:00:00' MEMO='Memo value (92)' />
    <z:row NUMBER='93' STRING='Use Devart Data Access Components !!! (93)' DATE='2006-09-11T00:00:00' MEMO='Memo value (93)' />
    <z:row NUMBER='94' STRING='Use Devart Data Access Components !!! (94)' DATE='2006-09-11T00:00:00' MEMO='Memo value (94)' />
    <z:row NUMBER='95' STRING='Use Devart Data Access Components !!! (95)' DATE='2006-09-11T00:00:00' MEMO='Memo value (95)' />
    <z:row NUMBER='96' STRING='Use Devart Data Access Components !!! (96)' DATE='2006-09-11T00:00:00' MEMO='Memo value (96)' />
    <z:row NUMBER='97' STRING='Use Devart Data Access Components !!! (97)' DATE='2006-09-11T00:00:00' MEMO='Memo value (97)' />
    <z:row NUMBER='98' STRING='Use Devart Data Access Components !!! (98)' DATE='2006-09-11T00:00:00' MEMO='Memo value (98)' />
    <z:row NUMBER='99' STRING='Use Devart Data Access Components !!! (99)' DATE='2006-09-11T00:00:00' MEMO='Memo value (99)' />
    <z:row NUMBER='100' STRING='Use Devart Data Access Components !!! (100)' DATE='2006-09-11T00:00:00' MEMO='Memo value (100)' />
  </rs:data>
</xml>